,A,C,D,E,F,G,H,I,K,L,M,N,P,Q,R,S,T,V,W,Y,topt
K9L4P7,0.08443708609271522,0.004966887417218543,0.05629139072847682,0.054635761589403975,0.0380794701986755,0.08940397350993377,0.019867549668874173,0.052980132450331126,0.049668874172185434,0.08278145695364239,0.024834437086092717,0.05960264900662252,0.04801324503311258,0.04801324503311258,0.03311258278145696,0.061258278145695365,0.061258278145695365,0.07450331125827815,0.019867549668874173,0.03642384105960265,37.0
Q9L7P2,0.1058201058201058,0.01058201058201058,0.07407407407407407,0.0582010582010582,0.03439153439153439,0.05026455026455026,0.021164021164021163,0.026455026455026454,0.0873015873015873,0.0873015873015873,0.037037037037037035,0.04497354497354497,0.052910052910052914,0.031746031746031744,0.05026455026455026,0.07142857142857142,0.052910052910052914,0.047619047619047616,0.023809523809523808,0.031746031746031744,42.0
Q5JDG9,0.08843537414965986,0.003401360544217687,0.061224489795918366,0.06802721088435375,0.040816326530612235,0.11564625850340135,0.017006802721088437,0.057823129251700675,0.054421768707482984,0.1020408163265306,0.020408163265306117,0.047619047619047616,0.037414965986394565,0.010204081632653059,0.061224489795918366,0.054421768707482984,0.027210884353741496,0.09183673469387756,0.006802721088435374,0.034013605442176874,85.0
A0A0K2RV92,0.11604095563139932,0.01877133105802048,0.07508532423208192,0.03754266211604096,0.040955631399317405,0.10068259385665528,0.027303754266211604,0.034129692832764506,0.03071672354948805,0.06996587030716724,0.01877133105802048,0.05802047781569966,0.05119453924914676,0.042662116040955635,0.042662116040955635,0.05290102389078498,0.054607508532423216,0.061433447098976114,0.03071672354948805,0.03583617747440273,50.0
Q7S3R5,0.10476190476190476,0.009523809523809523,0.051700680272108834,0.0326530612244898,0.029931972789115642,0.11156462585034012,0.013605442176870748,0.04489795918367346,0.043537414965986385,0.08163265306122447,0.013605442176870748,0.059863945578231284,0.047619047619047616,0.03945578231292517,0.036734693877551024,0.08163265306122447,0.06802721088435375,0.07755102040816328,0.020408163265306117,0.031292517006802724,60.0
A3DEX4,0.057437407952871875,0.0117820324005891,0.06480117820324006,0.033873343151693665,0.04860088365243005,0.10014727540500737,0.014727540500736375,0.061855670103092786,0.06038291605301915,0.06038291605301915,0.017673048600883652,0.07069219440353461,0.05301914580265096,0.029455081001472757,0.029455081001472757,0.07216494845360824,0.07511045655375552,0.07216494845360824,0.01914580265095729,0.047128129602356406,50.0
Q153J0,0.12974051896207586,0.001996007984031936,0.04590818363273453,0.06387225548902195,0.03592814371257485,0.09780439121756487,0.02395209580838324,0.02395209580838324,0.0279441117764471,0.10978043912175647,0.017964071856287425,0.03792415169660679,0.04590818363273453,0.039920159680638716,0.08582834331337326,0.041916167664670656,0.041916167664670656,0.08183632734530938,0.009980039920159679,0.03592814371257485,78.0
B9E972,0.057724957555178265,0.01528013582342954,0.05602716468590832,0.0967741935483871,0.049235993208828516,0.05942275042444821,0.01528013582342954,0.057724957555178265,0.06960950764006793,0.0865874363327674,0.027164685908319185,0.05432937181663837,0.042444821731748725,0.02546689303904924,0.045840407470288634,0.06621392190152801,0.05263157894736842,0.06451612903225806,0.01867572156196944,0.03904923599320883,25.0
A8A8J4,0.05725190839694656,0.0038167938931297713,0.055979643765903316,0.094147582697201,0.031806615776081425,0.055979643765903316,0.010178117048346057,0.0648854961832061,0.10305343511450382,0.0979643765903308,0.019083969465648856,0.031806615776081425,0.047073791348600506,0.012722646310432571,0.0648854961832061,0.04580152671755725,0.025445292620865142,0.1068702290076336,0.017811704834605598,0.053435114503816786,70.0
